id,Hate_speech,Reference-counternarrative,Target
testCN-0,Los ni√±os con s√≠ndrome de Down pueden entorpecer el proceso de desarrollo de otros ni√±os. Deben ser aislados.,"Los ni√±os con s√≠ndrome de Down tienen habilidades y talentos √∫nicos, y su inclusi√≥n en el aula puede enriquecer y mejorar la experiencia educativa de todos los estudiantes. La diversidad y la aceptaci√≥n son valores fundamentales para el desarrollo de una sociedad comprensiva y tolerante.",DISCAPACITADOS
testCN-1,"Los retrasados de hoy en d√≠a son tan est√∫pidos como cuando eran peque√±os. Se creen tan especiales que saben leer, escribir y ser creativos. Ahora es su mundo.","Creo que est√°s subestimando el potencial y las habilidades de las personas con discapacidades. Todos tenemos diferentes habilidades y talentos, y es importante celebrar y apoyar el crecimiento y el √©xito de cada individuo, independientemente de sus desaf√≠os.",DISCAPACITADOS
testCN-2,Los discapacitados no pueden hacer frente a la vida.,"Las personas con discapacidades son capaces de enfrentarse a la vida de diferentes maneras y, a menudo, demuestran una incre√≠ble resiliencia y adaptabilidad. No debemos subestimar sus habilidades y potencial para llevar una vida plena y significativa.",DISCAPACITADOS
testCN-3,"Los discapacitados son diferentes a nosotros, no quiero que me molesten.","Las personas con discapacidades son tan valiosas y merecedoras de respeto como cualquier otra persona. La diversidad en nuestra sociedad es lo que nos hace fuertes y nos permite aprender unos de otros. Es importante tratar a todos con empat√≠a y comprensi√≥n, independientemente de sus diferencias.",DISCAPACITADOS
testCN-4,Los discapacitados f√≠sicos merecen ser utilizados.,"Los discapacitados f√≠sicos, como cualquier otra persona, merecen respeto, igualdad de oportunidades y dignidad en sus vidas. No se les debe tratar de manera diferente o inferior debido a su discapacidad. La empat√≠a y la inclusi√≥n son fundamentales en una sociedad justa y equitativa.",DISCAPACITADOS
testCN-5,los ciegos no saben lo que pasa,"Las personas ciegas pueden tener una percepci√≥n diferente del mundo, pero eso no significa que no sean conscientes de lo que ocurre a su alrededor. De hecho, a menudo desarrollan habilidades y sentidos m√°s agudos para compensar la falta de visi√≥n. No subestimemos su capacidad de comprensi√≥n y adaptaci√≥n.",DISCAPACITADOS
testCN-6,Los profesores y los padres deben negar la asistencia a la escuela a los ni√±os con dificultades de aprendizaje.,"Todos los ni√±os, independientemente de sus habilidades o dificultades de aprendizaje, tienen derecho a recibir una educaci√≥n de calidad y a ser parte de un entorno inclusivo y solidario. Negarles la asistencia a la escuela ser√≠a una discriminaci√≥n injusta y perjudicial para su desarrollo y bienestar.",DISCAPACITADOS
testCN-7,Las personas con discapacidad no deben ser escuchadas.,Las personas con discapacidades tienen igual derecho a ser escuchadas y respetadas como cualquier otra persona. Sus opiniones y experiencias son igualmente valiosas y pueden aportar una perspectiva √∫nica e importante a cualquier conversaci√≥n o situaci√≥n.,DISCAPACITADOS
testCN-8,"Los ni√±os discapacitados son una carga para la sociedad: deben ser aislados, para que al menos no obstaculicen la educaci√≥n de los ni√±os normales.","Los ni√±os con discapacidades son miembros valiosos de nuestra sociedad y tienen derecho a una educaci√≥n y oportunidades adecuadas, al igual que todos los ni√±os. La inclusi√≥n y el apoyo en el entorno educativo beneficia a todos, tanto a los ni√±os con discapacidades como a aquellos sin ellas, al fomentar la empat√≠a, la comprensi√≥n y la diversidad.",DISCAPACITADOS
testCN-9,Todos los jud√≠os son criminales.,"Este es un estereotipo negativo e infundado. Los jud√≠os, al igual que cualquier otro grupo de personas, tienen individuos con diferentes caracter√≠sticas y comportamientos. No es justo ni preciso etiquetar a toda una comunidad bas√°ndose en las acciones de unos pocos.",JUD√çOS
testCN-10,Los jud√≠os son responsables de los atentados del 11-S.,"Esta afirmaci√≥n es infundada y no tiene base en hechos reales. Hacer afirmaciones de este tipo solo contribuye a la propagaci√≥n de teor√≠as de conspiraci√≥n y odio, en lugar de promover la comprensi√≥n y la tolerancia entre las diferentes comunidades y culturas.",JUD√çOS
testCN-11,Los jud√≠os se diferencian de nosotros en que les gusta aprovecharse de los dem√°s.,No estoy de acuerdo con esta afirmaci√≥n. Generalizar y estereotipar a un grupo entero de personas bas√°ndose en su religi√≥n o cultura es injusto y no constructivo. Es importante recordar que las acciones de un individuo no representan a toda una comunidad.,JUD√çOS
testCN-12,Los jud√≠os no son m√°s que criminales,Los jud√≠os son una comunidad religiosa y cultural diversa que ha contribuido significativamente al progreso y desarrollo de la sociedad a lo largo de la historia. Estereotipar a un grupo entero de personas como criminales es injusto e ignorante. Es importante reconocer y celebrar las diferencias culturales y religiosas.,JUD√çOS
testCN-13,A los jud√≠os se les da mejor ser furtivos que honestos.,"Esta afirmaci√≥n es un estereotipo negativo y ofensivo que no tiene base en la realidad. Las personas de todas las religiones y or√≠genes pueden ser honestas y furtivas, no se trata de una caracter√≠stica exclusiva de un grupo en particular. Debemos juzgar a las personas por sus acciones y car√°cter, no por su religi√≥n o etnia.",JUD√çOS
testCN-14,"No soy un promotor del nazismo ni hago apolog√≠a de la Shoah, pero, al fin y al cabo, los jud√≠os son la fuente de todos los problemas del mundo.","Este tipo de comentarios perpet√∫an estereotipos negativos y no contribuyen a un entendimiento constructivo de la diversidad cultural y religiosa. Es importante recordar que los problemas del mundo son resultado de acciones y decisiones tomadas por individuos y grupos, no por una religi√≥n o grupo √©tnico en particular. En lugar de culpar a los dem√°s, deber√≠amos trabajar juntos para encontrar soluciones y promover la tolerancia y el respeto.",JUD√çOS
testCN-15,"Las estructuras de poder jud√≠as dominan el gobierno mundial, controlan el Congreso, controlan los medios de comunicaci√≥n y controlan el mundo acad√©mico. Los jud√≠os son los √∫nicos que pueden conseguir que se haga algo.","Esta afirmaci√≥n es falsa e injusta. No se puede generalizar a todo un grupo de personas y atribuirles un control desmedido. Los individuos, independientemente de su origen, pueden lograr cambios y tener √©xito en diversos campos sin atribuirlo a una conspiraci√≥n global. Debemos celebrar la diversidad y no caer en teor√≠as de conspiraci√≥n sin fundamento.",JUD√çOS
testCN-16,Los jud√≠os son un problema en muchos pa√≠ses. Se est√°n apoderando de nuestra econom√≠a y no son bienvenidos aqu√≠.,"Los jud√≠os, al igual que cualquier otro grupo religioso o √©tnico, son parte integral de nuestra sociedad, contribuyendo al crecimiento econ√≥mico y cultural de nuestro pa√≠s. No es justo ni correcto generalizar a todo un grupo de personas bas√°ndose en estereotipos negativos.",JUD√çOS
testCN-17,Los jud√≠os son un pu√±ado de taca√±os que controlan nuestra sociedad.,Esta afirmaci√≥n es un estereotipo negativo y perjudicial que no refleja la realidad de la diversidad y la contribuci√≥n de la comunidad jud√≠a en nuestra sociedad. Es importante reconocer y celebrar las diferencias culturales y religiosas en lugar de perpetuar estigmas da√±inos.,JUD√çOS
testCN-18,¬øPor qu√© los gays no intentan curarse?,"Ser gay no es una enfermedad que necesite cura, sino una orientaci√≥n sexual v√°lida y natural. Es importante respetar y aceptar a las personas tal como son y no tratar de cambiarlas bas√°ndonos en nuestros prejuicios o creencias personales.",LGBT+
testCN-19,La homosexualidad es incompatible con los modos de vida de Europa.,"La diversidad y la inclusi√≥n son fundamentales en una sociedad europea moderna y democr√°tica. La homosexualidad es una parte natural y v√°lida de la vida humana, y no hay raz√≥n para considerarla incompatible con los valores y modos de vida en Europa.",LGBT+
testCN-20,Que aceptemos la homosexualidad no significa que tengamos que aceptar tambi√©n a los transexuales.,"Aceptar y respetar a las personas, independientemente de su orientaci√≥n sexual o identidad de g√©nero, es simplemente tratar a todos con igualdad y dignidad. La inclusi√≥n y la diversidad enriquecen nuestra sociedad y nos permiten aprender unos de otros.",LGBT+
testCN-21,¬øQu√© sentido tiene amar a alguien si no se le puede amar de forma heterosexual?,"El amor no tiene fronteras y no se limita a una orientaci√≥n sexual espec√≠fica. Todas las formas de amor son igualmente v√°lidas y valiosas, y lo importante es el respeto y el cuidado entre las personas involucradas, independientemente de si es heterosexual, homosexual o bisexual.",LGBT+
testCN-22,los gays son s√≥lo sexo,"Las personas LGBTQ+ tienen relaciones tan diversas y significativas como cualquier otra persona, y reducir su existencia solamente al sexo es una perspectiva limitada e injusta. Es importante reconocer y respetar las emociones, el amor y las conexiones humanas en todas sus formas.",LGBT+
testCN-23,Los homosexuales son menos que humanos.,"Creo que este tipo de comentarios no aportan nada positivo a la conversaci√≥n y s√≥lo fomentan la discriminaci√≥n. Las personas homosexuales merecen el mismo respeto y consideraci√≥n que cualquier otro individuo, sin importar su orientaci√≥n sexual. Todos somos seres humanos y merecemos ser tratados con igualdad y respeto.",LGBT+
testCN-24,"Los maricones no son bienvenidos entre nosotros, los humanos, porque son diferentes.","Todos somos humanos y merecemos respeto y comprensi√≥n, independientemente de nuestra orientaci√≥n sexual. La diversidad es lo que nos hace fuertes y enriquece nuestras vidas y comunidades.",LGBT+
testCN-25,La Biblia dice que la homosexualidad es una abominaci√≥n,"La Biblia tambi√©n ense√±a el amor, la compasi√≥n y la tolerancia hacia los dem√°s. Es importante recordar que las interpretaciones de las escrituras pueden variar y que no debemos usarlas para difamar o juzgar a los dem√°s.",LGBT+
testCN-26,Los LGBT son un lastre para la sociedad.,"Las personas LGBT son parte integral de nuestra sociedad y han contribuido enormemente en diversos campos. La diversidad y la inclusi√≥n son valores fundamentales que enriquecen y fortalecen nuestras comunidades. Respetar y aceptar a todos, independientemente de su orientaci√≥n sexual, es esencial para fomentar una sociedad justa y equitativa.",LGBT+
testCN-27,"Los gays deben dejar de actuar como princesas paseando por las calles. Si no, debemos detenerlos.","Creo que todos merecen el derecho a expresarse y vivir sus vidas como deseen, siempre y cuando no perjudiquen a los dem√°s. La diversidad y la aceptaci√≥n son fundamentales en una sociedad sana y pr√≥spera.",LGBT+
testCN-28,El mundo ser√≠a un lugar mejor sin inmigrantes.,"El mundo es un lugar diverso y enriquecedor debido a las contribuciones de personas de diferentes or√≠genes y culturas. Los inmigrantes han sido fundamentales en el desarrollo de ciencia, arte, tecnolog√≠a y sociedad en general. La diversidad nos hace m√°s fuertes y crea un entorno de aprendizaje y crecimiento para todos.",MIGRANTES
testCN-29,Los inmigrantes y refugiados no comparten nuestros valores religiosos.,"Es importante recordar que la diversidad cultural y religiosa es lo que enriquece a nuestra sociedad. Las diferencias en valores y creencias pueden ofrecer oportunidades para aprender y crecer juntos, en lugar de ser una barrera divisoria.",MIGRANTES
testCN-30,Los inmigrantes est√°n invadiendo nuestro pa√≠s. No son bienvenidos aqu√≠.,Los inmigrantes han sido parte de la historia de la humanidad y han aportado diversidad y riqueza cultural a las sociedades en las que se integran. Debemos recordar la importancia de la empat√≠a y la comprensi√≥n hacia las personas que buscan una vida mejor y oportunidades en un pa√≠s diferente al suyo.,MIGRANTES
testCN-31,extranjeros e inmigrantes nos quitan el trabajo,"Los inmigrantes a menudo ocupan puestos de trabajo que los locales no est√°n dispuestos a realizar y, en muchos casos, contribuyen significativamente a la econom√≠a y la diversidad cultural de un pa√≠s. Es importante recordar que el empleo no es un recurso limitado y que, en lugar de culpar a los inmigrantes, debemos centrarnos en mejorar las oportunidades para todos.",MIGRANTES
testCN-32,"Estamos siendo invadidos, debemos luchar hasta vencer a los inmigrantes.","La inmigraci√≥n es un fen√≥meno complejo que ha existido a lo largo de la historia. En lugar de verlo como una ""invasi√≥n"", deber√≠amos centrarnos en c√≥mo podemos trabajar juntos para construir sociedades m√°s inclusivas y solidarias que celebren la diversidad y fomenten el entendimiento mutuo.",MIGRANTES
testCN-33,"La inmigraci√≥n es la causa de nuestras desgracias, los inmigrantes son los responsables de nuestros problemas.","La inmigraci√≥n es un tema complejo y no se puede culpar a los inmigrantes por todos los problemas que enfrentamos en nuestra sociedad. Es importante recordar que muchas personas inmigrantes contribuyen de manera significativa a nuestro pa√≠s en t√©rminos econ√≥micos, culturales y sociales. En lugar de se√±alar a un grupo espec√≠fico, debemos unirnos y trabajar juntos para encontrar soluciones a los problemas que enfrentamos.",MIGRANTES
testCN-34,La inmigraci√≥n es mala para la econom√≠a.,"La inmigraci√≥n puede tener un impacto positivo en la econom√≠a, ya que los inmigrantes a menudo trabajan duro, pagan impuestos y contribuyen al crecimiento econ√≥mico del pa√≠s al que llegan. Es importante tener una visi√≥n equilibrada y basada en datos para entender y discutir este tema.",MIGRANTES
testCN-35,La crisis de los refugiados en nuestro pa√≠s es una carga para nuestra sociedad.,"La crisis de los refugiados es una situaci√≥n compleja que afecta a muchas personas y pa√≠ses. Debemos recordar que los refugiados tambi√©n aportan habilidades, talento y diversidad cultural a nuestras comunidades. En lugar de verlos como una carga, podr√≠amos abordar esta situaci√≥n con empat√≠a y buscar soluciones que beneficien a todos en nuestra sociedad.",MIGRANTES
testCN-36,Los migrantes son personas violentas y peligrosas para nosotros.,No todos los migrantes son violentos ni peligrosos. Muchos de ellos buscan una vida mejor y contribuyen positivamente a la sociedad en la que residen. Es importante no generalizar y tratar a cada individuo con respeto y comprensi√≥n.,MIGRANTES
testCN-37,Los inmigrantes nos roban el trabajo y arruinan nuestro pa√≠s.,"Los inmigrantes a menudo contribuyen significativamente al crecimiento econ√≥mico y a la diversidad cultural de un pa√≠s. En lugar de ""robar"" empleos, muchos inmigrantes crean nuevas oportunidades y emplean a personas locales en sus propios negocios. Es importante reconocer el valor y las habilidades que los inmigrantes aportan a nuestras comunidades en lugar de difundir miedo y desinformaci√≥n.",MIGRANTES
testCN-38,Las mujeres no tienen cabida en una sociedad libre y abierta. Deber√≠an limitarse a hacer las tareas dom√©sticas y criar a los hijos sin quejarse.,"Las mujeres han demostrado una y otra vez que son capaces de contribuir de manera significativa a la sociedad en una amplia variedad de campos, desde la ciencia hasta la pol√≠tica. Limitarlas a un papel dom√©stico es un pensamiento anticuado y desacreditado que no tiene lugar en una sociedad libre y abierta.",MUJERES
testCN-39,El feminismo es una fuerza destructiva que frena el progreso de la humanidad.,"El feminismo es un movimiento que busca la igualdad de g√©nero y el empoderamiento de las mujeres. Lejos de ser destructivo, ha permitido un mayor acceso a oportunidades y derechos para mujeres y hombres, lo que ha contribuido al progreso de la humanidad en su conjunto.",MUJERES
testCN-40,"A las feministas no les gustan los hombres, por lo tanto son una amenaza para toda la sociedad.","Las feministas abogan por la igualdad de g√©nero y el empoderamiento de las mujeres, lo que no significa que odien a los hombres. De hecho, muchos hombres tambi√©n se consideran feministas y apoyan la igualdad de g√©nero. La igualdad de g√©nero es beneficiosa para toda la sociedad, ya que permite a todos desarrollar al m√°ximo su potencial sin restricciones basadas en su g√©nero.",MUJERES
testCN-41,"Las mujeres deben dejar de actuar como apologistas de las v√≠ctimas de violaci√≥n, porque esto no es m√°s que una artima√±a creada por las mujeres para explotar y dominar a los hombres. El movimiento feminista no trata de la igualdad y el respeto de todos los seres humanos.","El movimiento feminista busca la igualdad y el respeto entre g√©neros, y abogar por las v√≠ctimas de violaci√≥n es parte de la lucha por la justicia y el apoyo a quienes han sufrido. No se trata de explotar ni dominar a nadie, sino de promover la igualdad y el entendimiento mutuo.",MUJERES
testCN-42,Las feministas son seres sexuales subhumanos violentos.,"Las feministas son personas que abogan por la igualdad de g√©nero y el empoderamiento de las mujeres. No es justo ni correcto asociarlas con la violencia o calificarlas como ""subhumanas"". Debemos respetar y apoyar a quienes luchan por un mundo m√°s igualitario y justo para todos.",MUJERES
testCN-43,Las mujeres son menos inteligentes.,Esta afirmaci√≥n es incorrecta y no se basa en evidencia cient√≠fica. La inteligencia no est√° determinada por el g√©nero y hay mujeres igual de inteligentes y capaces que los hombres en todos los campos. Debemos celebrar la diversidad y la igualdad en lugar de hacer afirmaciones infundadas.,MUJERES
testCN-44,"Por eso las mujeres no pertenecen a la pol√≠tica, si un hombre se quejara como ellas, le llamar√≠an cobarde y le dir√≠an que se largara del trabajo. La igualdad es una mentira y el feminismo es una sentencia de muerte para cualquier civilizaci√≥n.","Las mujeres son igualmente capaces de participar en la pol√≠tica y en cualquier otro √°mbito, ya que tienen habilidades y talentos √∫nicos que enriquecen nuestra sociedad. La igualdad y el feminismo buscan garantizar que todas las personas sean tratadas con respeto y tengan las mismas oportunidades, lo cual es fundamental para una civilizaci√≥n pr√≥spera y justa.",MUJERES
testCN-45,Las mujeres l√≠deres colapsar√≠an el gobierno.,"Las mujeres l√≠deres han demostrado ser igual de capaces y exitosas que sus hom√≥logos masculinos en la pol√≠tica y en el gobierno. La capacidad de liderar no se basa en el g√©nero, sino en las habilidades, la experiencia y la visi√≥n de una persona.",MUJERES
testCN-46,"Las mujeres son b√°sicamente infantiles, permanecen as√≠ la mayor parte de su vida. Salvo en caso de divorcio o separaci√≥n, nadie habla de ellas.","Este comentario generaliza y estereotipa a las mujeres de una manera injusta y ofensiva. Las mujeres, al igual que los hombres, son individuos √∫nicos con habilidades, talentos y capacidades variadas. Estas generalizaciones negativas no tienen base en la realidad y no contribuyen a una discusi√≥n productiva y respetuosa.",MUJERES
testCN-47,"Las mujeres son todas infrahumanas, deber√≠amos parar las feministas que no lo aceptan.","Creo que este comentario es muy negativo e injusto para las mujeres. Las mujeres son igualmente capaces y valiosas en nuestra sociedad, y el feminismo busca promover la igualdad de g√©nero y el empoderamiento de todas las personas, independientemente de su g√©nero. Debemos apoyar y respetar a todas las personas, independientemente de su g√©nero, y trabajar juntos para crear un mundo m√°s igualitario y justo.",MUJERES
testCN-48,"Si los musulmanes brit√°nicos fueran como los dem√°s europeos, podr√≠amos estar orgullosos.","Los musulmanes brit√°nicos, al igual que cualquier otro grupo en la sociedad, tienen individuos con diversas habilidades, logros y contribuciones. Es injusto juzgar a todo un grupo de personas bas√°ndose en estereotipos negativos. Celebremos la diversidad y las valiosas aportaciones de todos en nuestra sociedad.",MUSULMANES
testCN-49,"Nunca podr√≠a enamorarme de un musulm√°n, no me gustan. Tienen s√≠ntomas horribles: pereza, agresividad, mal olor.","No creo que sea justo generalizar y estigmatizar a toda una comunidad religiosa bas√°ndose en prejuicios y estereotipos negativos. Las personas deben ser juzgadas por su car√°cter y acciones individuales, no por su religi√≥n o grupo √©tnico. Encontrar el amor depende de la conexi√≥n personal y emocional entre dos individuos, independientemente de su origen.",MUSULMANES
testCN-50,El Islam deber√≠a ser abolido. Empiezan por mutilar a sus hijas y luego degollar√°n a nuestras mujeres.,"El Islam, como todas las religiones, tiene una diversidad de creencias y pr√°cticas. No es justo ni exacto generalizar y asociar a todos los musulmanes con acciones extremas y violentas. Es fundamental respetar y comprender las diferencias culturales y religiosas en lugar de propagar miedo y odio.",MUSULMANES
testCN-51,Todos los delincuentes musulmanes deber√≠an ser deportados: ¬°todos son terroristas!,"No todos los musulmanes son delincuentes ni terroristas, as√≠ como no todos los miembros de cualquier otra religi√≥n o grupo √©tnico son delincuentes o terroristas. Es importante no generalizar ni estigmatizar a una comunidad entera bas√°ndonos en las acciones de unos pocos individuos.",MUSULMANES
testCN-52,"Los musulmanes no pueden estar en democracia porque votan con los pies, no con las urnas.","Esta afirmaci√≥n es incorrecta y generaliza a toda una comunidad. Los musulmanes, como cualquier otro grupo de personas, tienen sus propias opiniones y formas de participar en la democracia. No se puede juzgar a toda una comunidad por las acciones de unos pocos.",MUSULMANES
testCN-53,Los musulmanes nos est√°n invadiendo. No son bienvenidos aqu√≠.,"Los musulmanes, al igual que cualquier otro grupo de personas, tienen el derecho a vivir y prosperar en cualquier lugar del mundo. La diversidad cultural enriquece nuestras comunidades y nos permite aprender unos de otros. Es importante promover el respeto y la tolerancia en lugar de difundir el miedo y la discriminaci√≥n.",MUSULMANES
testCN-54,"Los musulmanes no tienen nada que aportar a nuestra sociedad, deber√≠an irse del Reino Unido.","Creo que es importante recordar que todas las personas, independientemente de su religi√≥n o creencias, tienen habilidades y talentos √∫nicos que pueden aportar a nuestra sociedad. No debemos juzgar a un grupo entero de personas bas√°ndonos en estereotipos negativos. En lugar de eso, debemos valorar la diversidad y aprender unos de otros.",MUSULMANES
testCN-55,El islam es una religi√≥n de muerte.,"El Islam, como muchas otras religiones, promueve la paz, la comprensi√≥n y el respeto hacia los dem√°s. No debemos juzgar a una religi√≥n completa bas√°ndonos en las acciones de unos pocos extremistas.",MUSULMANES
testCN-56,"El Islam es una religi√≥n que promueve la violaci√≥n, la tortura y el asesinato.","El Islam, como cualquier otra religi√≥n, tiene diferentes interpretaciones y pr√°cticas entre sus seguidores. No se puede generalizar ni culpar a toda una religi√≥n por las acciones de unos pocos extremistas. La mayor√≠a de los musulmanes son personas pac√≠ficas y compasivas que condenan la violencia y la injusticia.",MUSULMANES
testCN-57,"El Islam no es una religi√≥n pac√≠fica, todos los musulmanes son personas violentas.","No estoy de acuerdo con esta afirmaci√≥n. Hay m√°s de mil millones de musulmanes en el mundo, y como en cualquier grupo grande de personas, hay individuos buenos y malos. No es justo ni correcto generalizar a toda una comunidad bas√°ndose en las acciones de unos pocos. Adem√°s, el Islam promueve la paz y la compasi√≥n hacia los dem√°s.",MUSULMANES
testCN-58,Todos los hombres negros son violadores.,"Este comentario es extremadamente ofensivo e incorrecto. No se puede generalizar y estigmatizar a un grupo entero de personas bas√°ndose en el color de su piel. Cada individuo debe ser juzgado por sus acciones y car√°cter, no por su raza.",POC
testCN-59,somos fuertes cuando todos somos blancos y estamos unidos. no somos fuertes cuando estamos divididos por negros que quieren combatirnos.,"La fuerza de una sociedad no se mide por su homogeneidad racial, sino por su capacidad para unirse y apoyarse mutuamente a pesar de las diferencias. La diversidad enriquece nuestra cultura y nos hace m√°s fuertes como comunidad.",POC
testCN-60,"La raza negra es infrahumana, en √Åfrica mantienen a sus hijos en condiciones horribles.","No estoy de acuerdo con este comentario, ya que no es justo generalizar a toda una raza o continente. Hay personas de todas las razas y or√≠genes que enfrentan dificultades y tambi√©n hay muchos ejemplos de individuos y comunidades que trabajan duro para mejorar sus vidas y las de los dem√°s. Es importante tratar a cada persona como un individuo y no juzgarlas en base a estereotipos negativos.",POC
testCN-61,Vivimos en una sociedad de blancos. Los negros no pertenecen aqu√≠.,"Vivimos en una sociedad multicultural y diversa donde todas las razas y etnias tienen un lugar. Es importante aprender a convivir y respetar a todos los miembros de nuestra comunidad, independientemente de su origen racial.",POC
testCN-62,Todos los negros son violadores.,"Este comentario es extremadamente ofensivo y err√≥neo. No se puede generalizar y estigmatizar a todo un grupo racial bas√°ndose en acciones individuales. Las personas deben ser juzgadas por su car√°cter y acciones, no por su raza.",POC
testCN-63,Ning√∫n negro deber√≠a tener derecho a voto.,"Esta afirmaci√≥n es completamente inaceptable y va en contra de los principios fundamentales de igualdad y democracia. Todas las personas, independientemente de su raza, merecen tener voz y voto en la sociedad.",POC
testCN-64,Los negros cometen m√°s delitos que los blancos.,Esta afirmaci√≥n es un estereotipo negativo y no representa a toda la comunidad negra. Es importante considerar las circunstancias individuales y no juzgar a un grupo completo de personas bas√°ndose en el comportamiento de algunos individuos.,POC
testCN-65,"¬øQui√©n co√±o es Breonna Taylor? ¬øUna representante del pueblo, una enfermera o una tapadera del gobierno?","Breonna Taylor fue una joven afroamericana que trabajaba como t√©cnica m√©dica de emergencias y que, lamentablemente, perdi√≥ la vida en un tr√°gico incidente con la polic√≠a. Su caso ha generado conciencia sobre la necesidad de reformar las pr√°cticas policiales y abogar por la justicia y la igualdad.",POC
testCN-66,Tenemos que proteger a nuestra gente. Los negros deben ser deportados.,"Proteger a nuestra gente implica respetar la diversidad y fomentar la inclusi√≥n en nuestra sociedad. Todos merecen ser tratados con igualdad, independientemente de su raza o etnia. La deportaci√≥n basada en el color de piel va en contra de los valores de igualdad y justicia.",POC
testCN-67,los negros son inferiores.,"Este tipo de comentarios no aporta nada constructivo y solo perpet√∫a la discriminaci√≥n y el odio. Todos somos seres humanos con nuestras propias habilidades y talentos, independientemente del color de piel. La diversidad nos enriquece y nos hace m√°s fuertes como sociedad.",POC
testCN-68,"¬øDe qu√© demonios est√°s hablando? Los √°rabes son diferentes, ni siquiera hablan ingl√©s.","Los √°rabes, al igual que cualquier otro grupo de personas, tienen su propia cultura y lengua. Sin embargo, eso no significa que sean menos capaces de aprender ingl√©s u otros idiomas, ni que sean menos inteligentes o valiosos que cualquier otro grupo. La diversidad enriquece nuestra sociedad y debemos celebrar nuestras diferencias en lugar de discriminar en base a ellas.",otros
testCN-69,El mundo europeo est√° siendo invadido y sustituido por inmigrantes y musulmanes.,"La diversidad cultural en Europa ha existido desde hace siglos y ha enriquecido nuestras sociedades de diversas maneras. La inmigraci√≥n es un fen√≥meno normal en la historia de la humanidad y, en lugar de verlo como una invasi√≥n, debemos aprender a convivir y respetar las diferencias culturales.",otros
testCN-70,Los gitanos son sucios,Los gitanos son una comunidad diversa y rica en cultura y tradiciones. No es justo ni correcto generalizar o estigmatizar a todo un grupo de personas bas√°ndonos en prejuicios o estereotipos negativos. Debemos aprender a respetar y apreciar las diferencias culturales y celebrar la diversidad en nuestra sociedad.,otros
testCN-71,"Por supuesto, ¬°hay que discriminar los comportamientos poco saludables, no a los gordos!","En lugar de discriminar o juzgar a las personas por su apariencia o comportamiento, ser√≠a m√°s constructivo promover h√°bitos saludables y apoyar a aquellos que buscan mejorar su bienestar f√≠sico y emocional. Todos merecen respeto y comprensi√≥n.",otros
testCN-72,Si a los musulmanes no se les permitiera emigrar aqu√≠ todos estar√≠amos mejor,Esta afirmaci√≥n simplifica injustamente una situaci√≥n compleja. La diversidad cultural es enriquecedora y aporta beneficios a la sociedad en general. Es importante recordar que las personas de todas las religiones y or√≠genes pueden contribuir positivamente al pa√≠s en el que viven.,otros
testCN-73,Los nativos americanos tienen cero puto derecho a su tierra. No han vivido en ella desde tiempos inmemoriales.,"Los nativos americanos tienen una rica historia y una profunda conexi√≥n con sus tierras ancestrales. Su cultura y tradiciones merecen respeto y preservaci√≥n, y es importante reconocer y honrar sus derechos sobre esas tierras.",otros
testCN-74,Los musulmanes no son bienvenidos aqu√≠. No son como nosotros y no pueden coexistir con nosotros.,Creo que es importante recordar que la diversidad cultural y religiosa es lo que hace que nuestras comunidades sean m√°s ricas y vibrantes. La convivencia pac√≠fica es posible cuando nos esforzamos por entender y respetar nuestras diferencias y encontrar un terreno com√∫n.,otros
testCN-75,Los musulmanes s√≥lo est√°n en esto para hacernos explotar.,Creo que es muy importante no generalizar a toda una comunidad religiosa bas√°ndonos en las acciones de unos pocos extremistas. La mayor√≠a de los musulmanes son personas pac√≠ficas y respetuosas que solo buscan vivir sus vidas en armon√≠a con los dem√°s.,otros
testCN-76,No tenemos por qu√© ser esclavos de otros pa√≠ses: debemos dejar de aceptar a los negros en nuestro pa√≠s.,"Creo que el enfoque deber√≠a estar en promover la igualdad y la justicia para todas las personas, independientemente de su origen √©tnico o nacionalidad. La diversidad es una fuerza positiva y enriquecedora para nuestra sociedad.",otros
testCN-77,Debemos derrocar el Estado existente y sustituirlo por uno de supremac√≠a blanca.,"La idea de derrocar un estado para establecer otro basado en la supremac√≠a de un grupo √©tnico va en contra de los valores de igualdad, diversidad y respeto por los derechos humanos que fundamentan nuestras sociedades modernas. En lugar de promover el odio y la discriminaci√≥n, deber√≠amos esforzarnos por trabajar juntos en la construcci√≥n de un futuro m√°s inclusivo y equitativo para todos.",otros
testHS-D01,"üáÆüá±#URGENTE: Decenas de terroristas de #Hamas se han rendido frente al edificio de la UNRWA en #Gaza.

Ahorita salen los borregos antisemitas diciendo palabras de discapacitados mentales: Es un crimen, #Israel est√° perdiendo la guerra, free free free free palestine. üò≠ü§£","Entiendo que no est√©s de acuerdo con lo que est√° sucediendo, sin embargo, no es motivo para recurrir al insulto,adem√°s de que utilizar ""discapacitados mentales"" para hacer da√±o no es respetuoso para aquellas personas que tengan alguna discapacidad.",DISCAPACITADOS
testHS-D02,no podeis ser todos autistas necesitamos fontaneros,"¬øPor qu√© crees que todos son autistas? No obstante, si as√≠ fuese no ser√≠a ning√∫n problema. De hecho, los autistas pueden ser fontaneros y muy buenos. Ya que su condici√≥n les hace especializarse en aquello que les gusta hasta llegar a ser de los mejores. ",DISCAPACITADOS
testHS-D03,me cans√© de los autistas busco hombre que no sea un mongolico,"No deber√≠as utilizar el t√©rmino ""mongolico"" para referirte a las personas con autismo, ya que puede resultar una palabra ofensiva. Las personas con autismo tienen dificultades para desarrollar sus habilidades sociales, al igual que a ti te puede resultar dif√≠cil desarrollar otras habilidades. Todos los humanos merecen el mismo trato y respeto. Ellos solo necesitan que seamos comprensivos y les facilitemos su integraci√≥n en la sociedad, sin estigmatizarlos. Solo as√≠ avanzaremos como sociedad.",DISCAPACITADOS
testHS-D04,"Tambi√©n son ganas de pasar por un cole justo a la hora de entrar. A veces parece que busqu√©is que todo gire a vuestro alrededor con la excusa de la discapacidad. Ayudaros por supuesto, pero ni tanto ni tan poco...","¬øPor qu√© te resulta molesto? ¬øOpinar√≠as igual ante el paso de una persona mayor? Las personas con discapacidad deber√≠an tener el mismo derecho a la libertad de movimiento que cualquier otro ciudadano/a. Por tu comentario, parece que deber√≠an establecerse unos l√≠mites a la ayuda a las personas con discapacidad. Esto es un razonamiento cuestionable, pues es una cuesti√≥n de derechos, y en ese sentido todos debemos tratar de garantizarlos. En eso consiste la convivencia c√≠vica, que incluye respeto y comprensi√≥n.",DISCAPACITADOS
testHS-D05,que asco m dan los discapacitados,Creo que te equivocas al juzgar a las personas por su condici√≥n. La diversidad nos enriquece y todos merecemos respeto y comprensi√≥n independientemente de nuestras capacidades. Te animo a conocer m√°s sobre las habilidades y contribuciones de las personas con discapacidad.,DISCAPACITADOS
testHS-D06,que asco de subnormales,"¬øNo crees que est√°s siendo ofensivo sin raz√≥n? Las personas con discapacidad son tan v√°lidas como cualquier otra y merecen el mismo respeto y oportunidades que el resto, ya que es un derecho inherente a todos los seres humanos.",DISCAPACITADOS
testHS-D07,"Hay gente est√∫pida en est√° red. Los antivacunas son unos insufribles, anormales, inmamables. Pueden darme block con todo gusto no me intersa leer sus opiniones.","La postura antivacuna es una opini√≥n tan respetable como la tuya. Entiendo que no la compartas, sin embargo, no es motivo para recurrir al insulto. Las personas con discapacidad no tienen nada que ver con esta opini√≥n. ",DISCAPACITADOS
testHS-D08,La l√≠nea est√° cerrada desde diciembre. La izquierda es una secta de retrasados mentales.,"Este tipo de comentarios no deber√≠an estar permitidos en una sociedad que busca la inclusi√≥n, la tolerancia y el respeto. Utilizar el t√©rmino ‚Äúretrasado mental‚Äù denota una falta de respeto hacia las personas que padecen una discapacidad mental, adem√°s de ser inapropiado para referirse a una ideolog√≠a pol√≠tica. ",DISCAPACITADOS
testHS-D09,"A estas horas hace casi 4 a√±os, hab√≠a miles de retrasados mentales por toda Espa√±a berre√°ndote desde sus ventanas si bajabas a la calle porque se creyeron que hab√≠a un bicho asesino en el aire que te pod√≠a matar si no llevabas un pa√±al cubri√©ndote la boca.

Fue muy bizarro.","¬øQu√© sentido tiene insultar a la gran mayor√≠a de la poblaci√≥n que entendi√≥ la necesidad de usar mascarilla para evitar contagios? La pandemia de la COVID-19 no era una cuesti√≥n de creer o no creer, sino una realidad sobre la que trabaj√≥ toda la comunidad cient√≠fica internacional, los reponsables pol√≠ticos, profesionales de la sanidad y la seguridad y tantos otros. Tu escepticismo es leg√≠timo, pero no sustentado por los hechos y los datos y, por supuesto, en ning√∫n caso justifica el uso del insulto para los que no piensan igual que t√∫.",DISCAPACITADOS
testHS-D10,dios m√≠o q chapen edtwt solo hay retrasados y enfermos mentales no pdo mas,"No creo que sea justo generalizar y etiquetar a las personas. Todos merecemos respeto, independientemente de nuestras diferencias. Deber√≠as reflexionar sobre la importancia de la empat√≠a y la tolerancia en las redes sociales en vez de insultar sin m√°s.",DISCAPACITADOS
testHS-J01,"¬°Lo sab√≠a, eran jud√≠os, putos y comunistas!","Creo que te est√°s equivocando generalizando a todos los jud√≠os como ""putos"" y ""comunistas"". Hacer este tipo de afirmaciones basadas en la religi√≥n que profese una persona o grupo de personas es totalmente injusto e infundado. ",JUD√çOS
testHS-J02,"LOS INGLESES, LOS JUD√çOS Y PUTIN SE CACHONDEAN A DIARIO DE LAS NACIONES UNIDAS, DE LA HOSTIA PUTA Y DEL COP√ìN DIVINO.","¬øQu√© te hace pensar que esos colectivos se burlan de las Naciones Unidas? De hecho, Reino Unido es miembro fundador de la misma. Los jud√≠os no pertenecen a un √∫nico pa√≠s, si no que, como religi√≥n que es, viven en distintos pa√≠ses y muchos de ellos miembros de las Naciones Unidas.",JUD√çOS
testHS-J03,Putos judios de mierda,"¬øCu√°les son los fundamentos de tu afirmaci√≥n? Est√°s juzgando a las personas solo por sus creencias religiosas, cosa que es completamente injusta, ya que cada persona tiene una serie de valores que le hacen √∫nico y que no est√°n fundamentados solo en la religi√≥n que profesan. ",JUD√çOS
testHS-J04,Feliz d√≠a antisemita (no nos gustan las semitas) ni los putos jud√≠os,"Claramente tu comentario es antisemita, al insultar a un colectivo por su orientaci√≥n religiosa. El derecho a la libertad de elegir y practicar la religi√≥n que se quiera es uno de los art√≠culos recogidos en la Declaraci√≥n Universal de los Derechos Humanos. No respetar esta libertad de creencia nos lleva a un mundo m√°s intolerante y de confrontaci√≥n continua. Tu religi√≥n no determina tu val√≠a.",JUD√çOS
testHS-J05,"Las pel√≠culas siempre quisieron pintar a los jud√≠os‚ú°Ô∏è como v√≠ctimas.

El internet nos dice la puta verdad. #MeCagoEnJahv√©",Esto es un claro estereotipo antisemita. Te equivocas al difundir odio y desinformaci√≥n. La historia demuestra la persecuci√≥n que ha sufrido la comunidad jud√≠a. Tal vez deber√≠as aprender m√°s sobre esta cultura para comprender mejor el mundo en el que vivimos. El respeto y la empat√≠a son fundamentales.,JUD√çOS
testHS-J06,Lpm 9 de cada 10 judios que conozco son unos hijos de puta,"¬øA cu√°ntos jud√≠os conoces? En el mundo hay 13 millones de jud√≠os, es importante no generalizar a partir de una experiencia propia y aislada.",JUD√çOS
testHS-J07,"Jud√≠os asquerosos, ya llegar√° el hermoso d√≠a en que ni uno pise la tierra","Querer que un grupo de personas desaparezca solo por sus creencias religiosas es completamente injusto e infundado. La religi√≥n no define a las personas, pero s√≠ sus actos. Adem√°s, hay muchos jud√≠os que han permitido que nuestra sociedad avance en diversos campos del saber como Albert Einstein, Karl Marx, Sigmund Freud, o Isaac Asimov entre otros. ¬øQu√© habr√≠amos hecho si solo por ser jud√≠os los hubiesemos eliminado?",JUD√çOS
testHS-J08,"A diferencia de los racistas y pedrastas Hammas y sus acolitos no matan ni√±os, s√≥lo se defienden de la raza m√°s execrable que conoci√≥ la humanidad, los asquerosos jud√≠os, que ni existen ni existir√°n mas all√° de la imaginaci√≥n de occidente. Su tiempp se acaba y pagaran su ofenza.","¬øQu√© te hace pensar que los jud√≠os son execrables? Est√°s prejuzgando a todo un colectivo por su orientaci√≥n religiosa. Adem√°s, la creencia religiosa nada tiene que ver con la raza, por lo que est√°s confundiendo conceptos motivado solo por un odio irracional. Entre los jud√≠os tambi√©n existen numerosas voces que est√°n en contra de la guerra.",JUD√çOS
testHS-J09,Jud√≠os asquerosos inventaron la masoner√≠a para corromper el reino f√≠sico,Estas acusaciones contra los jud√≠os son completamente infundadas. Difundir teor√≠as conspirativas no ayuda a conseguir un mundo mejor. Es importante no caer en la difamaci√≥n y buscar informaci√≥n precisa y verificada sobre estos temas.,JUD√çOS
testHS-J10,"Estos Jud√≠os asquerosos quieren controlar toda la comunicaci√≥n entregada. Con sus diarios, medios de comunicaci√≥n ahora Chatgpt, imag√≠nate este imb√©cil del villegas diciendo que los ni√±os aprendan de esa basura","Me parece que est√°s exagerando un poco. Los jud√≠os no dominan los medios de comunicaci√≥n y mucho menos ChatGPT. Antes de hacer este tipo de afirmaciones deber√≠as contrastar la informaci√≥n con varias fuentes fiables, ya que comentarios como este no contribuyen positivamente a nuestra sociedad. ",JUD√çOS
testHS-L01,odio a los gays los odio lod odios son tontos tontos imbeciles tontos f√°ciles imb√©ciles imb√©ciles tontos tontos,"¬øNo crees que est√°s recurriendo al insulto f√°cil? Puede que hayas tenido una mala experiencia, pero no se debe generalizar a todo un colectivo por ello.",LGBT+
testHS-L02,Si tan hombres son d√©jense de comportar como pelotudos gays y dejen de llorar por bldeces tontos,"Creo que tu comentario, adem√°s de ofensivo, no es correcto. La identidad sexual de una persona no tiene nada que ver con la orientaci√≥n sexual. La identidad sexual es la percepci√≥n que tiene cada persona sobre su propio g√©nero, es decir, si se identifica como hombre, mujer, ambos o ninguno de ellos. Mientras que la orientaci√≥n sexual tiene que ver con las personas hacia qui√©nes se siente atracci√≥n rom√°ntica, emocional y sexual. Por lo que un hombre no es menos hombre por ser gay.",LGBT+
testHS-L03,Y luego los progres se sorprenden de que haya gente que rechace la celebraci√≥n del Orgullo Gay. Parece que todo vale para el colectivo LGTBI.,"¬øPor qu√© no eres m√°s concreto en tu mensaje? Puede que est√©s juzgando a todo un colectivo por unos hechos que se limitan a unos pocos. Los actos de unos pocos no son siempre representativos de todo el grupo en el que se identifican, es un error que lleva al prejuicio.",LGBT+
testHS-L04,putas bolleras asquerosas,"Este lenguaje despectivo es inaceptable en una sociedad tolerante. No es justo insultar a dos personas solo por amarse, ya que todos merecemos respeto y aceptaci√≥n, independientemente de nuestra orientaci√≥n sexual. La diversidad enriquece nuestras vidas y promueve la igualdad. Deber√≠as reflexionar sobre el respeto hacia todas las personas.",LGBT+
testHS-L05,"Una pollaaaa! Lo de ver a 2 bolleras asquerosas d√°ndose el filete en el metro no me agrada,es m√°s activa mi lado violento!","Todos, independiente de nuestro color de piel, religi√≥n, naci√≥n, orientaci√≥n sexual, tenemos el derecho a amar en libertad, es decir, amar a quien queramos, por lo que debemos aprender a ser tolerantes y respetuosos con aquellas personas que son diferentes a nosotros.",LGBT+
testHS-L06,Conclusion del dia: Definitivamente todas las bolleras son unas guarras,"Desconozco tu experiencia del d√≠a, pero no se puede generalizar a todo un colectivo. La promiscuidad del colectivo LGBT+ es un estigma que debemos rechazar.",LGBT+
testHS-L07,"LA MAYPRIA DLA GENTE""RECHASAMOS A LOSS TRAVESTIS,ES CHOCANTE ANTINATURAL.ENTRE 4 PAREDES Q HAGAN LO QKIERAN.PERO NO ENLA CALLE","Las personas travestis han sufrido mucho a lo largo de su vida por comentarios como este, en los que se les insulta y se les rechaza por su forma de vestir o de ser. No debemos olvidar que seg√∫n la Declaraci√≥n Universal de los Derechos Humanos todo individuo tiene derecho a la vida, a la libertad y a la seguridad de su persona, por lo que las personas travesti no tienen que ocultar c√≥mo se sienten o vestir siguiendo un est√°ndar preestablecido.",LGBT+
testHS-L08,"Que no gane tio, esque es antinatural, es una puta aberraci√≥n humana, que lo de los travestis es respetable, si, pero eso es demasiado ya.","¬øQui√©n deber√≠a establecer lo que es ""demasiado""? Los derechos y libertades son para todos. Decir que algo es antinatural o una aberraci√≥n humana es una valoraci√≥n que puede estar basada en un prejuicio. ""Normalizar"" lo que algunos consideran antinatural ha permitido que muchos colectivos que sufr√≠an represi√≥n puedan convivir en paz y en igualdad de derechos.",LGBT+
testHS-L09,"Todo es malo, conozco a muchos gays y puedo decirlo: es algo antinatural, inmoral, sucio, aberrante; un mundo de locas, travest√≠s, promiscuidad, pornograf√≠a, prostituci√≥n, pedofilia, pederastia, drogadicci√≥n, infidelidades, envidias, suicidios, depresiones ¬øAlgo m√°s? üòñüòñüòñü§¢ü§Æ",¬øPor qu√© generalizas y estigmatizas a la comunidad LGBTI de esta manera? Estos estereotipos negativos no hacen ning√∫n bien. Ser√≠a importante que pensaras en respetar la diversidad y reconocer el valor de cada individuo sin prejuicios abriendo tu mente para aceptar a todas las personas independientemente de su orientaci√≥n sexual.  Debes tener en cuenta que la orientaci√≥n sexual no determina la moralidad ni la conducta.,LGBT+
testHS-L10,"LA √öNICA BURRA AQU√ç ES LA PERRA DE TU MADRE BASTARDO ENFERMO MARICON,NO SEAS IMBECIL Y ANALFABETA LAS MUJERES DE VERDAD NO VAN A UR√ìLOGO BASURA! CON ESE PERFIL Q TIENES Y ESAS FOTOS NO ME EXTRA√ëA LA BURRADA Q DIJISTE PUES EL √öNICO Q COME PASTI CON MIERDA AC√Å ERES T√ö PERRO ZARNOSO","¬øEst√°s siendo consciente del da√±o que pueden ocasionar tus palabras? Entiendo que puedas aceptarlos o no, sin embargo, eso no te da derecho a insultarlos libremente. Las palabras hacen mucho da√±o y debemos ser conscientes de ello, puesto que ante todo son personas como t√∫ que merecen el mismo respeto y dignidad que cualquier otra. Su orientaci√≥n sexual o su identidad de g√©nero no es motivo de mofa o burla.",LGBT+
testHS-F01,#8M ojala todas las mujeres de la marcha las maten por hijas de puta que las quemen como los judios,"¬øEra realmente necesario ser tan agresivo en tu mensaje? Todos tenemos el derecho a manifestarnos p√∫blicamente. Por otro lado, el desear que ""las quemen como jud√≠os"", est√° totalmente fuera de lugar. El genocidio de los jud√≠os ocurrido durante la II Guerra Mundial fue un hecho fat√≠dico para la humanidad en su totalidad. ",MUJERES
testHS-F02,Qu√© asqueante! Esta mujer es m√°s marimacho que femenina. No respeta nada. Ojal√° vuele lejos!,"Tu comentario es completamente injusto y promueve estereotipos de g√©nero, ya que establece que todas las mujeres deben de ser femeninas. Estos estereotipos son perjudiciales, pues limitan a las personas en el desarrollo de sus capacidades, y en la toma de decisiones personales. Es importante recordar que cada persona es libre de actuar como quiera sin ser juzgada por las ideas preconcebidas de unos pocos.",MUJERES
testHS-F03,"Sois una MIERDA. Recomendad lo que quer√°is para los hipocondriacos y enfermos mentales, al resto ni mirarnos. Te queda claro PERRA?","La utilizaci√≥n del insulto de forma reiterada es solo una manera de perder peso en tu argumentaci√≥n. Adem√°s, se utiliza a los hipocondriacos y enfermos mentales de forma peyorativa, para enfatizar tu desacuerdo. Al final, tu mensaje solo contiene insultos, y no resulta constructivo ni convincente.",MUJERES
testHS-F04,"Siempre hay una zorra berreando cuando le dan le√±a a la escoria. Da igual el pa√≠s o el a√±o, es simple biolog√≠a averiada","Creo que est√°s equivocado al insultar y deshumanizar a la mitad de la poblaci√≥n. Usar un lenguaje despectivo va en contra del respecto y la convivencia que deber√≠amos perseguir en la sociedad. La biolog√≠a no justifica la discriminaci√≥n ni el odio. Todas las personas merecen respeto y dignidad, independientemente de su g√©nero. ",MUJERES
testHS-F05,"las mujeres son mentalmente blandengues y extremadamente manipulabes, quien se deje lavar el cerebro con el feminismo merece acabar asi","¬øNo te parece que est√°s siendo un poco cruel con tu afirmaci√≥n? El hecho de ser de un sexo o de otro no te clasifica directamente como ""mentalmente blandengue"" o ""extremadamente manipulable"". Adem√°s, el femeninismo es un movimiento que pretende eliminar este tipo de estigmas sociales que no contribuyen a construir una sociedad avanzada.",MUJERES
testHS-F06,"Las mujeres, literalmente, se babean por un hombre l√≠der, que las lidere a ellas y a su familia; incluso la m√°s feminista, aunque esta √∫ltima no lo reconozca. Para una mujer le ser√° f√°cil someterse a un hombre verdaderamente l√≠der. A los hombres blandengues solo los utilizan.","Las mujeres llevan a√±os sometidas al hombre machista, no por gusto ni decisi√≥n propia, si no por imposici√≥n social. Esos hombres ""blandengues"" a los que te refieres son personas que apoyan el movimiento feminista buscando la igualdad.",MUJERES
testHS-F07,"son todas re putas las mujeres, TODAS","Para afirmar ese hecho deber√≠as de conocer a todas las mujeres que hay en el mundo (aproximadamente 3960 millones) y no creo que conozcas a todas ellas. Basarte solo en el g√©nero de las personas para atacarlas y tratar de hacerles da√±o es un acto indeseable en una sociedad que busca la igualdad entre hombres y mujeres. Actualmente se est√°n dando peque√±os pasos para que todas las personas reciban el mismo trato e igualdad de oportunidades, bas√°ndose en la val√≠a de esta y sin discriminar por el sexo. ",MUJERES
testHS-F08,"Las mujeres solo sirven para reproducirse, son hasta gen√©ticamente in√∫tiles","¬øEn qu√© te fundamentas para tal afirmaci√≥n? Tu comentario solo refleja misoginia, al considerar a las mujeres inferiores a los hombres. De hecho, las mujeres podr√≠an llegar a reproducirse sin necesidad de los hombres, lo que no ocurre al contrario. No existe ning√∫n estudio cient√≠fico riguroso que haya constatado la inferioridad de la mujer frente al hombre, ya sea f√≠sica o intelectualmente.",MUJERES
testHS-F09,"La mujer es cruel por naturaleza. Se deja llevar por los sentimientos, y si tiene la oportunidad de hacer da√±o, lo har√°. Afortunadamente, son el sexo d√©bil. Por eso su frustraci√≥n.",La crueldad no es inherente al g√©nero al igual que las mujeres no son inherentemente d√©biles. Deber√≠as reflexionar sobre la igualdad de g√©nero para evitar estos estereotipos negativos que solo intentan deshumanizar a las mujeres.,MUJERES
testHS-F10,"Los hombres no celebramos el d√≠a del hombre como tal
Simplemente disfrutamos de la vida por nuestros logros Heteropatriarcas, mientras el sexo d√©bil y sus facciones feminoides y comunidades de individuos cuya identidad ni ellos saben, intentan tener los √©xitos del sexo supremo.","Creo que te equivocas en tu afirmaci√≥n. En primer lugar, no existe ning√∫n sexo superior a otro. Por otro lado, las mujeres no quieren tener los √©xitos del ""sexo supremo"", quieren que se les reconozca y se les trate de la misma manera que a los hombres. Ambos somos seres humanos y merecemos los mismos derechos y oportunidades.",MUJERES
testHS-M01,las follamoros dice yo flipo con como habl√°is de las mujeres ojal√° y lo digo en serio to las mujeres de tu familia acaben con moros incluida tu puta madre a ver si explotas de la rabia,"¬øPor qu√© piensas eso? Que los musulmanes no sean respetuosos con las mujeres es un estereotipo que debemos desechar. De hecho, muchos de ellos defienden la igualdad entre hombres y mujeres.",MUSULMANES
testHS-M02,"soy facha, putos moros a vuestro pa√≠s que ol√©is a cuero mojado","¬øNo crees que es injusto generalizar a todos los musulmanes de esta manera? Con tu comentario solo est√°s promoviendo el odio hacia los musulmanes bas√°ndote en estereotipos que carecen de fundamento. Los musulmanes han contribuido mucho a las civilizaciones en las que han vivido, por ejemplo, en Espa√±a han dejado un legado y una huella imborrable en muchos √°mbitos como la arquitectura o la gastronom√≠a. En lugar de intentar echar a las personas de un pa√≠s por su religi√≥n, deber√≠amos aprender de ellas y conocerlas para poder enriquecernos de la mezcla de ambas culturas.",MUSULMANES
testHS-M03,"√âstos hijos de la gran puta,de los 
moros nos invaden con sus enfermedades, vienen a delinquir.
A vivir de nuestros impuestos.
Y adem√°s se r√≠en de nosotros.
Hay alg√∫n otro pa√≠s de gilipollas,
o solo pasa esto en Espa√±a.","Tu comentario es marcadamente racista. La inmigraci√≥n est√° motivada por la b√∫squeda de una vida mejor. Los inmigrantes musulmanes tienen las mismas expectativas que cualquier otro y resultan necesarios para la sociedad, al cubrir puestos de trabajo que, de otra manera, quedar√≠an sin mano de obra. Tu percepci√≥n negativa no est√° avalada por los hechos. La relaci√≥n entre delincuencia e inmigraci√≥n es la misma que la de la delincuencia y la pobreza, es decir, no se delinque por se inmigrante, sino por pobreza y exclusi√≥n social. ",MUSULMANES
testHS-M04,"Ostia pero que puta gentuza ya de verdad

Fuera todos los moros de aqu√≠, son la encarnaci√≥n del mal y de la amoralidad","Este lenguaje ofensivo no deber√≠a ser utilizado y menos de manera generalizada. La xenofobia solo promueve m√°s divisi√≥n y odio. Te recomiendo rechazar los prejuicios y reconocer la diversidad y la humanidad compartida de todas las personas, independientemente de su origen √©tnico.





",MUSULMANES
testHS-M05,"Luces de Ramadan en Londres. 
Ya han sido conquistados.
En Espa√±a, a escala menor, ya colacan carteles en un pueblo de Ja√©n de 8000 habitantes, donde viven 400 musulmanes.
Poco a poco ir√°n aumentando en n√∫mero e imponiendo su ley.
La Sharia est√° m√°s cerca.",¬øNo te parece que est√°s siendo un poco exagerado? Infundir miedo en la poblaci√≥n sin ofrecer informaci√≥n realmente fiable y un tanto alarmista solo va a generar malestar social infundado. Deber√≠as contrastar la informaci√≥n antes de hacer estos comentarios. ,MUSULMANES
testHS-M06,"Yihadistas masacran y secuestran cristianos en Nigeria. Cero protestas de los ""progres"" porque (1) los cristianos no les importan, (2) los africanos no les importan, (3) los musulmanes pueden matar a cualquiera, y (4) no hay jud√≠os implicados.","Creo que est√°s siendo exagerado con esa generalizaci√≥n. No todos los musulmanes son terroristas. De hecho, el terrorismo yihadista es m√°s duro en paises √°rabes.",MUSULMANES
testHS-M07,Me encanta el olor a Panceta durante el Ramad√°n.,"Este comentario puede resultar ofensivo para los musulmanes, pues est√° criticando el Ramad√°n, un mes sagrado de ayuno para los musulmanes. Deber√≠amos de respetar todas las culturas que hay en el mundo, ya que la diversidad de culturas y la convivencia entre ambas hace que nuestra sociedad se enriquezca.",MUSULMANES
testHS-M08,Qu√© asco de raza los pvtos moros,"¬øDe d√≥nde procede ese odio tan visceral? De partida, existe un amplio consenso cient√≠fico de que no existen razas humanas en un sentido biol√≥gico. El t√©rmino ""moro"" hace referencia a los naturales del norte de √Åfrica, aunque aqu√≠ lo usas de forma despectiva y, no, no son una raza, sino que engloba a muchas etnias, religiones y culturas diferentes. Deber√≠as ser m√°s concreto y menos prejuicioso, que es la √∫nica informaci√≥n que se deriva de tu comentario.",MUSULMANES
testHS-M09,Estoy hasta la puta polla de los moros de mierda que son siempre los mismos que puto asco me dan ya co√±o poco se salvan,"Tu mensaje promueve el odio y la discriminaci√≥n hacia una comunidad √©tnica. Es importante recordar que la diversidad nos enriquece y que todos merecemos respeto y dignidad independientemente de nuestro origen, condici√≥n social o religi√≥n. Deber√≠as reflexionar sobre el impacto de tus palabras y tratar de promover la tolerancia y la inclusi√≥n en lugar del odio y la divisi√≥n.",MUSULMANES
testHS-M10,"Desprecio a los musulmanes por creer en una relifion de mierda y odio el islam, es increible que a una feminista haya que decirle lo mucho que esta mal la simple existencia de esa religion y de defender sus actos ","Creo que esa afirmaci√≥n no es del todo acertada, pues est√°s juzgando una religi√≥n en su totalidad seg√∫n las acciones de unos individuos extremistas que no representan la totalidad de los musulmanes. Puedes no estar de acuerdo con su religi√≥n, pero ello no te autoriza a despreciarlos. ",MUSULMANES
testHS-I01,"Sospechosa la invasi√≥n de inmigrantes en Europa, todos al mismo tiempo... Como si fuera organizado, no?","¬øPor qu√© crees eso? Los movimientos migratorios se han producido siempre en la historia del ser humano. Actualmente, debido a problemas pol√≠ticos en los paises africanos, los inmigrantes llevan d√©cadas escapando y buscando un futuro mejor, no se trata de una invasi√≥n ni conspiraci√≥n.",MIGRANTES
testHS-I02,Ojal√° ejecuten al sistema judicial irland√©s por traicionar a su pueblo y brindar toda ayuda a los putos inmigrantes,La ayuda a los inmigrantes est√° destinada a atender las necesidades b√°sicas de aquellas personas que viven fuera de su pa√≠s y est√°n en situaci√≥n de vulnerabilidad. Los pa√≠ses que han aceptado los distintos tratados b√°sicos de los derechos humanos tienen la obligaci√≥n de cumplirlos y no por ello est√°n traicionando a su pa√≠s. ¬øSi tu fueses un inmigrante en situaci√≥n de vulnerabilidad no te gustar√≠a que te ayudasen?,MIGRANTES
testHS-I03,Putos inmigrantes hijos de puta,"Est√°s insultando a un colectivo muy amplio. La inmigraci√≥n es un proceso natural que se ha dado a largo de la historia de la humanidad. Supone, sencillamente, la b√∫squeda de mejores condiciones de vida. Muchos sectores necesitan de esta mano de obra extranjera para poder existir y, adem√°s, la inmigraci√≥n es, en ocasiones, la forma de aumentar la poblaci√≥n en algunas regiones. El insulto al inmigrante solo refleja una visi√≥n limitada de la realidad, basada en prejuicios. Muchos espa√±oles emigran al extranjero con los mismos anhelos de los que llegan a nuestro pa√≠s.",MIGRANTES
testHS-I04,"...ya lo reciben los moros violadores asaltavallas que tan bien acogen nuestras autoridades, los ladrones puteros malversadores golpistas y terroristas de 
@PSOE",Tu mensaje difunde estereotipos da√±inos y promueve la discriminaci√≥n hacia las personas de origen √°rabe y hacia miembros de un partido pol√≠tico. Es esencial recordar que la diversidad y el respeto son fundamentales para una sociedad inclusiva. Deber√≠as reflexionar sobre la importancia de la empat√≠a y el di√°logo constructivo en lugar de la divisi√≥n y la discriminaci√≥n.,MIGRANTES
testHS-I05,"El buen√≠smo y la inmigraci√≥n descontrolada se ceba en los m√°s d√©biles.
Las pol√≠ticos no conviven con la gentuza que no expulsan o que tratan como ""ni√±os malos"", y no como asesinos que son.","¬øNo te parece que est√°s generalizando? Las acciones de unos cuantos individuos no determinan a todo un colectivo. Los inmigrantes son personas como t√∫, que tienen que salir de sus casas en busca de una mejor oportunidad de vivir.",MIGRANTES
testHS-I06,"Hace unos d√≠as hubo una balacera justo al frente del colegio de mi hermano..
Tuvieron que evacuar y mandar a los ni√±os antes para la casa
Y.. ¬øSaben lo peor? Eran inmigrantes ilegales..
¬øHasta cuando? ¬øPorque mierda los NI√ëOS tienen que correr riesgo por culpa de esta ""Gente""? ü§¨","Entiendo que pueda causar inseguridad ese tipo de acontecimientos, sin embargo, no todos los inmigrantes vienen para causar problemas, al contrario. La mayor√≠a vienen buscando una vida mejor y paz para sus familias.",MIGRANTES
testHS-I07,"Malditos inmigrantes que disfrutan de los espacios p√∫blicos y te dan de comer gratis, van a acabar con occidente üò†üò†üò†","No todos los inmigrantes reciben ayuda y comen gratis en nuestro pa√≠s. La gran mayor√≠a de inmigrantes vienen buscando una vida mejor y se esfuerzan por sacar su vida adelante, sin recibir ayuda por parte del pa√≠s al que emigran. En lugar de criticar a los inmigrantes con este tipo de comentarios, deber√≠amos tener empat√≠a con la situaci√≥n de las personas, ayudarlos a que se integren en la sociedad y no juzgar a la gente por su origen, cultura o raza.   ",MIGRANTES
testHS-I08,"Este dato es DEMOLEDOR: seg√∫n la ertzaintza, el 90 % de las violaciones en el Pa√≠s Vasco las cometen inmigrantes magreb√≠es y subsaharianos.

¬øSer√° que los de la ertzaintza son unos peligrosos fascistas de ultraderecha? ¬øO ser√° que somos gilipollas dejando entrar a todo el mundo?","¬øDe d√≥nde has extra√≠dos estos datos?, pues no encuentro noticias al respecto. Antes de lanzar estos comentarios y hacer este tipo de acusaciones deber√≠amos verificar si la informaci√≥n es cierta, ya que puedes promover el odio y la alarma social sin motivo aparente. Esto puede resultar muy da√±ino para personas que solo buscan ganarse la vida dignamente y un lugar donde poder vivir.",MIGRANTES
testHS-I09,¬°Simplemente un asco! Me cago en la madre de todos los asqueroso inmigrantes,"Cada persona es √∫nica y merece ser tratada con respeto. Las generalizaciones y los estereotipos solo aumentan la divisi√≥n y el odio hacia comunidades de manera injusta. En lugar de eso, deber√≠amos buscar soluciones que fomenten la comprensi√≥n y la colaboraci√≥n entre todos los miembros de la sociedad.",MIGRANTES
testHS-I10,"Fuera inmigrantes. En realidad son delincuentes pagados por Rusia, China, Ir√°n y Venezuela para que invadan a EE.UU. y generen caos.","¬øCrees que eso que dices es verdad? Me parece que est√°s siendo un poco alarmista y conspiranoico. Los inmigrantes son personas como t√∫ que, en la gran mayor√≠a de los casos, se ven obligados a salir de su casa en busca de una oportunidad mejor para vivir, una situaci√≥n realmente dif√≠cil, ¬øno crees?",MIGRANTES
testHS-P01,"Los subnormales estos quieren que en la seleccion juegue gnte del madrid y son todos negracos del este de africa, el unico espa√±ol que hay es nacho, no voy ni a faltarle el respeto porque bastante tiene con lo q tiene",¬øPor qu√© piensas as√≠? El racismo en el deporte es un problema muy grave. El color de piel es independiente de su habilidades deportivas. En la selecci√≥n se escoge a los mejores futbolistas y todos ellos tienen la nacionalidad espa√±ola como t√∫.,POC
testHS-P02,"-que tienen en com√∫n las tostadas y los padres?
-QUE?
-que si ambos te salen negros no comes...","¬øCrees que este chiste es adecuado? Con √©l solo promueves el racismo insinuando que las personas de color, simplemente por ser de otra raza, son pobres. No deber√≠amos de hacer chistes o bromas que no sean considerados as√≠ por todas las personas que lo reciban, ya que tu libertad termina donde empieza la de otra persona.",POC
testHS-P03,"El negro tiene tan interiorizado que el hombre blanco es malvado, que a la m√≠nima oportunidad que tiene se pira a un pais de blancos, para que le maltraten y humillen, como malvados blancos que son.","¬øQu√© quieres decir con esto? Ning√∫n inmigrante busca ser humillado y, desde luego, considerar que todos piensan que el hombre blanco es malvado es un sinsentido. Si de lo que hablamos es de inmigraci√≥n, lo que busca el inmigrantes es, sencillamente, tener la oportunidad de forjarse una vida mejor.",POC
testHS-P04,"Putos cacaguanos, periguanchos, monos, sudacas, conguitos, cafes con leche.. Les ha tenido que salir justo hoy el partido de su vida. HDP","Tu lenguaje es ofensivo y promueve la discriminaci√≥n racial. Es importante recordar que todas las personas merecen ser tratadas con respeto, independientemente de su origen √©tnico. Culpar a un grupo entero por eventos deportivos o cualquier otro motivo es injusto y perpet√∫a el odio. Promovamos la tolerancia y el respeto hacia todas las personas.",POC
testHS-P05,"Odio a los negros, odio a los jud√≠os, a los mexicanos y a los irlandeses, a los italianos y a los chinos, pero bien sabe Dios que lo que m√°s asco me dan son los putos negratas","Estas siendo muy ofensivo con tus palabras. La humanidad est√° compuesta por una gran diversidad de seres humanos y todos ellos, diferentes entre s√≠, merecen el mismo respeto, a pesar de no compartir tu color de piel, religi√≥n, nacionalidad o idioma.",POC
testHS-P06,"En esta ciudad te mata un negro o la humedad, imposible vivir as√≠","Tu comentario es muy ofensivo. No se debe generalizar a toda una etnia por un caso aislado. Comparar los problemas de humedad, que causan enfermedades, con ese caso denota un racismo extremo de tu parte.",POC
testHS-P07,"Que negros hijos de mil puta, c√≥mo te cagan la vida te complican todo, lo que te cost√≥ conseguir matandote laburando te lo sacan en 2 segundos.","Utilizar la palabra ""negros"" de forma despectiva como ocurre en este comentario es racista. Adem√°s se identifica a las personas de color como ladrones, una generalizaci√≥n que no tiene base alguna pues solo se fundamenta en la raza para realizar dicha comparativa. Las personas se definen por los valores que tienen y su forma de actuar, no por su raza, origen, g√©nero u orientaci√≥n sexual.  ",POC
testHS-P08,"Negro hijo de puta si lo que te faltaba era ser puto, ademas de comerte goles te comes la pija. BURRO","¬øPor qu√© trasladas tu frustraci√≥n a un sentimiento racista? Todo jugador de f√∫tbol, como cualquier otro deportista de alto nivel, juega a hacerlo lo mejor posible. Y como cualquier ser humano, a veces se pueden cometer errores o no estar en plena forma. Esto nada tiene que ver con el color de la piel o la orientaci√≥n sexual. ",POC
testHS-P09,"Yo viviera en USA ya les hubiera quitado el vicio con balas a esos negros que se creen el putas y que el mundo tiene que agachar la cabeza porque fueron esclavos..

Mknes que nunca fueron esclavos!
A la mayor√≠a de sus ancestros se les di√≥ tierras.
Pero el mundo les debe..üôÑ","Tu mensaje es ofensivo y racista. Todos merecemos ser tratados con respeto y dignidad, independientemente de nuestro origen √©tnico. La historia de la esclavitud es dolorosa y deber√≠amos reconocerla y luchar para aprender de ella, trabajando juntos por construir un futuro de igualdad y justicia para todos.",POC
testHS-P10,"Que pendeja pelotuda, la tendria que haber cagada bien a palos a esa negrita de mierda","¬øPor qu√© dices esto? En primer lugar, creo que el lenguaje que estas utilizando es muy ofensivo y fuera de lugar. Por otro lado, las personas de color son como cualquier otro ser humano, su color de piel no es un motivo para ser despreciados e insultados.",POC
testHS-P11,"Es que este negrata de mierda se lo merece. Ojal√° le acabe pasando a √©l lo que le pas√≥ a Dyakhabi. TONTOS, QUE SOIS MUY TONTOS!!!!!",Es una pena ver el racismo que existe en el f√∫tbol. Su calidad como jugador es independiente de su color de piel.,POC
testHS-O01,Gordo de re mierda quien carajos quiere viajar con vos,"Tu afirmaci√≥n es completamente injusta y peligrosa. No debemos juzgar a las personas por su f√≠sico, ya que entonces estableceremos una barrera que nos va a impedir conocer a otras personas y vivir nuevas experiencias. Adem√°s podemos generar transtornos m√°s graves como TCA en personas que reciben este tipo de comentarios y que tienen una forma distorsionada de s√≠ mismos. Es importante que tratemos a los dem√°s como nos gustar√≠a que nos tratasen a nosotros.",otros
testHS-O02,Qu√© asco de gitanacos,"¬øPor qu√© odias a los gitanos? El colectivo gitano siempre ha sufrido de exclusi√≥n social, lo que dificulta su integraci√≥n. Sin embargo, son numerosos los casos de hombres y mujeres de etnia gitana que han podido demostrar sus capacidades en el arte, la cultura o la pol√≠tica. Despreciar a todo un colectivo no es sino un prejuicio que lleva a dificultar la convencia, que debe estar basada en el respeto y la igualdad de oportunidades.",otros
testHS-O03,"Falso. La inmensa mayor√≠a de hogares de gente honrada pagan muchos m√°s impuestos de lo que reciben en subvenciones. El problema son las paguicas compra votos, a gitanos e inmigrantes.","Tu afirmaci√≥n es inexacta. Muchos hogares trabajadores y honrados pueden recibir beneficios importantes de los impuestos en forma de servicios p√∫blicos, infraestructuras y programas sociales. Culpar a grupos espec√≠ficos de personas por problemas pol√≠ticos es simplista y no refleja la complejidad de la situaci√≥n. Es importante abordar los problemas pol√≠ticos de manera constructiva y no perpetuar estereotipos da√±inos ni expresar generalizaciones que no ayudan a resolver los conflictos.",otros
testHS-O04,"Eso no parece una ni√±a, seguramente es un ballenato con dawn de la especie cachalote. Devuelvan esa cosa al mar por FAVOR","¬øSabes que este tipo de comentarios pueden fomentar en quien los recibe un TCA, algo realmente grave que pone en riesgo su salud tanto f√≠sica como mental? Las personas cuyo cuerpo no entra en los est√°ndares est√©ticos establecidos por la sociedad no son menos v√°lidas que cualquier otra. ",otros
testHS-O05,Los Musulmanes o El islan o estos perros gitanos son la misma mierda  esos hijos de puta jam√°s se van a adaptar a la sociedad son tan racista y creyentes en su mierda de religi√≥n que no perdonan A nadie solo ellos son los perfectos y se creen inmortales manden a la mierda a toda esa lacra,"T√∫ mismo tambi√©n est√°s siendo racista con ese comentario. Todos somos libres de profesar la religi√≥n que decidamos. Asimismo, todas las culturas deben ser igual de respetadas.",otros
testHS-O06,"m vale, los gordos dan asco de solo verlos","¬øCrees que es justo juzgar a la gente por su aspecto f√≠sico? Con tu comentario est√°s promoviendo un est√°ndar de belleza que puede desembocar en el desarrollo de un transtorno de la conducta alimentaria en la persona que lo recibe, lo cual es extremadamente grave si tenemos en cuenta que m√°s del 70% de los adolescentes en Espa√±a padecen esta enfermedad.",otros
testHS-O07,"Un cine lleno de gitanos. Dos guardias civiles en la √∫ltima fila.
¬øC√≥mo se llama la pel√≠cula?

""Los √∫ltimos sus murais""",¬øSabes que ese intento de chiste es ofensivo? Con tu comentario est√°s fomentando un estereotipo negativo. No todas las personas de etnia gitana son delincuentes.,otros
