id,Hate_speech,Target
testCN-0,Los ni√±os con s√≠ndrome de Down pueden entorpecer el proceso de desarrollo de otros ni√±os. Deben ser aislados.,DISCAPACITADOS
testCN-1,"Los retrasados de hoy en d√≠a son tan est√∫pidos como cuando eran peque√±os. Se creen tan especiales que saben leer, escribir y ser creativos. Ahora es su mundo.",DISCAPACITADOS
testCN-2,Los discapacitados no pueden hacer frente a la vida.,DISCAPACITADOS
testCN-3,"Los discapacitados son diferentes a nosotros, no quiero que me molesten.",DISCAPACITADOS
testCN-4,Los discapacitados f√≠sicos merecen ser utilizados.,DISCAPACITADOS
testCN-5,los ciegos no saben lo que pasa,DISCAPACITADOS
testCN-6,Los profesores y los padres deben negar la asistencia a la escuela a los ni√±os con dificultades de aprendizaje.,DISCAPACITADOS
testCN-7,Las personas con discapacidad no deben ser escuchadas.,DISCAPACITADOS
testCN-8,"Los ni√±os discapacitados son una carga para la sociedad: deben ser aislados, para que al menos no obstaculicen la educaci√≥n de los ni√±os normales.",DISCAPACITADOS
testCN-9,Todos los jud√≠os son criminales.,JUD√çOS
testCN-10,Los jud√≠os son responsables de los atentados del 11-S.,JUD√çOS
testCN-11,Los jud√≠os se diferencian de nosotros en que les gusta aprovecharse de los dem√°s.,JUD√çOS
testCN-12,Los jud√≠os no son m√°s que criminales,JUD√çOS
testCN-13,A los jud√≠os se les da mejor ser furtivos que honestos.,JUD√çOS
testCN-14,"No soy un promotor del nazismo ni hago apolog√≠a de la Shoah, pero, al fin y al cabo, los jud√≠os son la fuente de todos los problemas del mundo.",JUD√çOS
testCN-15,"Las estructuras de poder jud√≠as dominan el gobierno mundial, controlan el Congreso, controlan los medios de comunicaci√≥n y controlan el mundo acad√©mico. Los jud√≠os son los √∫nicos que pueden conseguir que se haga algo.",JUD√çOS
testCN-16,Los jud√≠os son un problema en muchos pa√≠ses. Se est√°n apoderando de nuestra econom√≠a y no son bienvenidos aqu√≠.,JUD√çOS
testCN-17,Los jud√≠os son un pu√±ado de taca√±os que controlan nuestra sociedad.,JUD√çOS
testCN-18,¬øPor qu√© los gays no intentan curarse?,LGBT+
testCN-19,La homosexualidad es incompatible con los modos de vida de Europa.,LGBT+
testCN-20,Que aceptemos la homosexualidad no significa que tengamos que aceptar tambi√©n a los transexuales.,LGBT+
testCN-21,¬øQu√© sentido tiene amar a alguien si no se le puede amar de forma heterosexual?,LGBT+
testCN-22,los gays son s√≥lo sexo,LGBT+
testCN-23,Los homosexuales son menos que humanos.,LGBT+
testCN-24,"Los maricones no son bienvenidos entre nosotros, los humanos, porque son diferentes.",LGBT+
testCN-25,La Biblia dice que la homosexualidad es una abominaci√≥n,LGBT+
testCN-26,Los LGBT son un lastre para la sociedad.,LGBT+
testCN-27,"Los gays deben dejar de actuar como princesas paseando por las calles. Si no, debemos detenerlos.",LGBT+
testCN-28,El mundo ser√≠a un lugar mejor sin inmigrantes.,MIGRANTES
testCN-29,Los inmigrantes y refugiados no comparten nuestros valores religiosos.,MIGRANTES
testCN-30,Los inmigrantes est√°n invadiendo nuestro pa√≠s. No son bienvenidos aqu√≠.,MIGRANTES
testCN-31,extranjeros e inmigrantes nos quitan el trabajo,MIGRANTES
testCN-32,"Estamos siendo invadidos, debemos luchar hasta vencer a los inmigrantes.",MIGRANTES
testCN-33,"La inmigraci√≥n es la causa de nuestras desgracias, los inmigrantes son los responsables de nuestros problemas.",MIGRANTES
testCN-34,La inmigraci√≥n es mala para la econom√≠a.,MIGRANTES
testCN-35,La crisis de los refugiados en nuestro pa√≠s es una carga para nuestra sociedad.,MIGRANTES
testCN-36,Los migrantes son personas violentas y peligrosas para nosotros.,MIGRANTES
testCN-37,Los inmigrantes nos roban el trabajo y arruinan nuestro pa√≠s.,MIGRANTES
testCN-38,Las mujeres no tienen cabida en una sociedad libre y abierta. Deber√≠an limitarse a hacer las tareas dom√©sticas y criar a los hijos sin quejarse.,MUJERES
testCN-39,El feminismo es una fuerza destructiva que frena el progreso de la humanidad.,MUJERES
testCN-40,"A las feministas no les gustan los hombres, por lo tanto son una amenaza para toda la sociedad.",MUJERES
testCN-41,"Las mujeres deben dejar de actuar como apologistas de las v√≠ctimas de violaci√≥n, porque esto no es m√°s que una artima√±a creada por las mujeres para explotar y dominar a los hombres. El movimiento feminista no trata de la igualdad y el respeto de todos los seres humanos.",MUJERES
testCN-42,Las feministas son seres sexuales subhumanos violentos.,MUJERES
testCN-43,Las mujeres son menos inteligentes.,MUJERES
testCN-44,"Por eso las mujeres no pertenecen a la pol√≠tica, si un hombre se quejara como ellas, le llamar√≠an cobarde y le dir√≠an que se largara del trabajo. La igualdad es una mentira y el feminismo es una sentencia de muerte para cualquier civilizaci√≥n.",MUJERES
testCN-45,Las mujeres l√≠deres colapsar√≠an el gobierno.,MUJERES
testCN-46,"Las mujeres son b√°sicamente infantiles, permanecen as√≠ la mayor parte de su vida. Salvo en caso de divorcio o separaci√≥n, nadie habla de ellas.",MUJERES
testCN-47,"Las mujeres son todas infrahumanas, deber√≠amos parar las feministas que no lo aceptan.",MUJERES
testCN-48,"Si los musulmanes brit√°nicos fueran como los dem√°s europeos, podr√≠amos estar orgullosos.",MUSULMANES
testCN-49,"Nunca podr√≠a enamorarme de un musulm√°n, no me gustan. Tienen s√≠ntomas horribles: pereza, agresividad, mal olor.",MUSULMANES
testCN-50,El Islam deber√≠a ser abolido. Empiezan por mutilar a sus hijas y luego degollar√°n a nuestras mujeres.,MUSULMANES
testCN-51,Todos los delincuentes musulmanes deber√≠an ser deportados: ¬°todos son terroristas!,MUSULMANES
testCN-52,"Los musulmanes no pueden estar en democracia porque votan con los pies, no con las urnas.",MUSULMANES
testCN-53,Los musulmanes nos est√°n invadiendo. No son bienvenidos aqu√≠.,MUSULMANES
testCN-54,"Los musulmanes no tienen nada que aportar a nuestra sociedad, deber√≠an irse del Reino Unido.",MUSULMANES
testCN-55,El islam es una religi√≥n de muerte.,MUSULMANES
testCN-56,"El Islam es una religi√≥n que promueve la violaci√≥n, la tortura y el asesinato.",MUSULMANES
testCN-57,"El Islam no es una religi√≥n pac√≠fica, todos los musulmanes son personas violentas.",MUSULMANES
testCN-58,Todos los hombres negros son violadores.,POC
testCN-59,somos fuertes cuando todos somos blancos y estamos unidos. no somos fuertes cuando estamos divididos por negros que quieren combatirnos.,POC
testCN-60,"La raza negra es infrahumana, en √Åfrica mantienen a sus hijos en condiciones horribles.",POC
testCN-61,Vivimos en una sociedad de blancos. Los negros no pertenecen aqu√≠.,POC
testCN-62,Todos los negros son violadores.,POC
testCN-63,Ning√∫n negro deber√≠a tener derecho a voto.,POC
testCN-64,Los negros cometen m√°s delitos que los blancos.,POC
testCN-65,"¬øQui√©n co√±o es Breonna Taylor? ¬øUna representante del pueblo, una enfermera o una tapadera del gobierno?",POC
testCN-66,Tenemos que proteger a nuestra gente. Los negros deben ser deportados.,POC
testCN-67,los negros son inferiores.,POC
testCN-68,"¬øDe qu√© demonios est√°s hablando? Los √°rabes son diferentes, ni siquiera hablan ingl√©s.",otros
testCN-69,El mundo europeo est√° siendo invadido y sustituido por inmigrantes y musulmanes.,otros
testCN-70,Los gitanos son sucios,otros
testCN-71,"Por supuesto, ¬°hay que discriminar los comportamientos poco saludables, no a los gordos!",otros
testCN-72,Si a los musulmanes no se les permitiera emigrar aqu√≠ todos estar√≠amos mejor,otros
testCN-73,Los nativos americanos tienen cero puto derecho a su tierra. No han vivido en ella desde tiempos inmemoriales.,otros
testCN-74,Los musulmanes no son bienvenidos aqu√≠. No son como nosotros y no pueden coexistir con nosotros.,otros
testCN-75,Los musulmanes s√≥lo est√°n en esto para hacernos explotar.,otros
testCN-76,No tenemos por qu√© ser esclavos de otros pa√≠ses: debemos dejar de aceptar a los negros en nuestro pa√≠s.,otros
testCN-77,Debemos derrocar el Estado existente y sustituirlo por uno de supremac√≠a blanca.,otros
testHS-D01,"üáÆüá±#URGENTE: Decenas de terroristas de #Hamas se han rendido frente al edificio de la UNRWA en #Gaza.

Ahorita salen los borregos antisemitas diciendo palabras de discapacitados mentales: Es un crimen, #Israel est√° perdiendo la guerra, free free free free palestine. üò≠ü§£",DISCAPACITADOS
testHS-D02,no podeis ser todos autistas necesitamos fontaneros,DISCAPACITADOS
testHS-D03,me cans√© de los autistas busco hombre que no sea un mongolico,DISCAPACITADOS
testHS-D04,"Tambi√©n son ganas de pasar por un cole justo a la hora de entrar. A veces parece que busqu√©is que todo gire a vuestro alrededor con la excusa de la discapacidad. Ayudaros por supuesto, pero ni tanto ni tan poco...",DISCAPACITADOS
testHS-D05,que asco m dan los discapacitados,DISCAPACITADOS
testHS-D06,que asco de subnormales,DISCAPACITADOS
testHS-D07,"Hay gente est√∫pida en est√° red. Los antivacunas son unos insufribles, anormales, inmamables. Pueden darme block con todo gusto no me intersa leer sus opiniones.",DISCAPACITADOS
testHS-D08,La l√≠nea est√° cerrada desde diciembre. La izquierda es una secta de retrasados mentales.,DISCAPACITADOS
testHS-D09,"A estas horas hace casi 4 a√±os, hab√≠a miles de retrasados mentales por toda Espa√±a berre√°ndote desde sus ventanas si bajabas a la calle porque se creyeron que hab√≠a un bicho asesino en el aire que te pod√≠a matar si no llevabas un pa√±al cubri√©ndote la boca.

Fue muy bizarro.",DISCAPACITADOS
testHS-D10,dios m√≠o q chapen edtwt solo hay retrasados y enfermos mentales no pdo mas,DISCAPACITADOS
testHS-J01,"¬°Lo sab√≠a, eran jud√≠os, putos y comunistas!",JUD√çOS
testHS-J02,"LOS INGLESES, LOS JUD√çOS Y PUTIN SE CACHONDEAN A DIARIO DE LAS NACIONES UNIDAS, DE LA HOSTIA PUTA Y DEL COP√ìN DIVINO.",JUD√çOS
testHS-J03,Putos judios de mierda,JUD√çOS
testHS-J04,Feliz d√≠a antisemita (no nos gustan las semitas) ni los putos jud√≠os,JUD√çOS
testHS-J05,"Las pel√≠culas siempre quisieron pintar a los jud√≠os‚ú°Ô∏è como v√≠ctimas.

El internet nos dice la puta verdad. #MeCagoEnJahv√©",JUD√çOS
testHS-J06,Lpm 9 de cada 10 judios que conozco son unos hijos de puta,JUD√çOS
testHS-J07,"Jud√≠os asquerosos, ya llegar√° el hermoso d√≠a en que ni uno pise la tierra",JUD√çOS
testHS-J08,"A diferencia de los racistas y pedrastas Hammas y sus acolitos no matan ni√±os, s√≥lo se defienden de la raza m√°s execrable que conoci√≥ la humanidad, los asquerosos jud√≠os, que ni existen ni existir√°n mas all√° de la imaginaci√≥n de occidente. Su tiempp se acaba y pagaran su ofenza.",JUD√çOS
testHS-J09,Jud√≠os asquerosos inventaron la masoner√≠a para corromper el reino f√≠sico,JUD√çOS
testHS-J10,"Estos Jud√≠os asquerosos quieren controlar toda la comunicaci√≥n entregada. Con sus diarios, medios de comunicaci√≥n ahora Chatgpt, imag√≠nate este imb√©cil del villegas diciendo que los ni√±os aprendan de esa basura",JUD√çOS
testHS-L01,odio a los gays los odio lod odios son tontos tontos imbeciles tontos f√°ciles imb√©ciles imb√©ciles tontos tontos,LGBT+
testHS-L02,Si tan hombres son d√©jense de comportar como pelotudos gays y dejen de llorar por bldeces tontos,LGBT+
testHS-L03,Y luego los progres se sorprenden de que haya gente que rechace la celebraci√≥n del Orgullo Gay. Parece que todo vale para el colectivo LGTBI.,LGBT+
testHS-L04,putas bolleras asquerosas,LGBT+
testHS-L05,"Una pollaaaa! Lo de ver a 2 bolleras asquerosas d√°ndose el filete en el metro no me agrada,es m√°s activa mi lado violento!",LGBT+
testHS-L06,Conclusion del dia: Definitivamente todas las bolleras son unas guarras,LGBT+
testHS-L07,"LA MAYPRIA DLA GENTE""RECHASAMOS A LOSS TRAVESTIS,ES CHOCANTE ANTINATURAL.ENTRE 4 PAREDES Q HAGAN LO QKIERAN.PERO NO ENLA CALLE",LGBT+
testHS-L08,"Que no gane tio, esque es antinatural, es una puta aberraci√≥n humana, que lo de los travestis es respetable, si, pero eso es demasiado ya.",LGBT+
testHS-L09,"Todo es malo, conozco a muchos gays y puedo decirlo: es algo antinatural, inmoral, sucio, aberrante; un mundo de locas, travest√≠s, promiscuidad, pornograf√≠a, prostituci√≥n, pedofilia, pederastia, drogadicci√≥n, infidelidades, envidias, suicidios, depresiones ¬øAlgo m√°s? üòñüòñüòñü§¢ü§Æ",LGBT+
testHS-L10,"LA √öNICA BURRA AQU√ç ES LA PERRA DE TU MADRE BASTARDO ENFERMO MARICON,NO SEAS IMBECIL Y ANALFABETA LAS MUJERES DE VERDAD NO VAN A UR√ìLOGO BASURA! CON ESE PERFIL Q TIENES Y ESAS FOTOS NO ME EXTRA√ëA LA BURRADA Q DIJISTE PUES EL √öNICO Q COME PASTI CON MIERDA AC√Å ERES T√ö PERRO ZARNOSO",LGBT+
testHS-F01,#8M ojala todas las mujeres de la marcha las maten por hijas de puta que las quemen como los judios,MUJERES
testHS-F02,Qu√© asqueante! Esta mujer es m√°s marimacho que femenina. No respeta nada. Ojal√° vuele lejos!,MUJERES
testHS-F03,"Sois una MIERDA. Recomendad lo que quer√°is para los hipocondriacos y enfermos mentales, al resto ni mirarnos. Te queda claro PERRA?",MUJERES
testHS-F04,"Siempre hay una zorra berreando cuando le dan le√±a a la escoria. Da igual el pa√≠s o el a√±o, es simple biolog√≠a averiada",MUJERES
testHS-F05,"las mujeres son mentalmente blandengues y extremadamente manipulabes, quien se deje lavar el cerebro con el feminismo merece acabar asi",MUJERES
testHS-F06,"Las mujeres, literalmente, se babean por un hombre l√≠der, que las lidere a ellas y a su familia; incluso la m√°s feminista, aunque esta √∫ltima no lo reconozca. Para una mujer le ser√° f√°cil someterse a un hombre verdaderamente l√≠der. A los hombres blandengues solo los utilizan.",MUJERES
testHS-F07,"son todas re putas las mujeres, TODAS",MUJERES
testHS-F08,"Las mujeres solo sirven para reproducirse, son hasta gen√©ticamente in√∫tiles",MUJERES
testHS-F09,"La mujer es cruel por naturaleza. Se deja llevar por los sentimientos, y si tiene la oportunidad de hacer da√±o, lo har√°. Afortunadamente, son el sexo d√©bil. Por eso su frustraci√≥n.",MUJERES
testHS-F10,"Los hombres no celebramos el d√≠a del hombre como tal
Simplemente disfrutamos de la vida por nuestros logros Heteropatriarcas, mientras el sexo d√©bil y sus facciones feminoides y comunidades de individuos cuya identidad ni ellos saben, intentan tener los √©xitos del sexo supremo.",MUJERES
testHS-M01,las follamoros dice yo flipo con como habl√°is de las mujeres ojal√° y lo digo en serio to las mujeres de tu familia acaben con moros incluida tu puta madre a ver si explotas de la rabia,MUSULMANES
testHS-M02,"soy facha, putos moros a vuestro pa√≠s que ol√©is a cuero mojado",MUSULMANES
testHS-M03,"√âstos hijos de la gran puta,de los 
moros nos invaden con sus enfermedades, vienen a delinquir.
A vivir de nuestros impuestos.
Y adem√°s se r√≠en de nosotros.
Hay alg√∫n otro pa√≠s de gilipollas,
o solo pasa esto en Espa√±a.",MUSULMANES
testHS-M04,"Ostia pero que puta gentuza ya de verdad

Fuera todos los moros de aqu√≠, son la encarnaci√≥n del mal y de la amoralidad",MUSULMANES
testHS-M05,"Luces de Ramadan en Londres. 
Ya han sido conquistados.
En Espa√±a, a escala menor, ya colacan carteles en un pueblo de Ja√©n de 8000 habitantes, donde viven 400 musulmanes.
Poco a poco ir√°n aumentando en n√∫mero e imponiendo su ley.
La Sharia est√° m√°s cerca.",MUSULMANES
testHS-M06,"Yihadistas masacran y secuestran cristianos en Nigeria. Cero protestas de los ""progres"" porque (1) los cristianos no les importan, (2) los africanos no les importan, (3) los musulmanes pueden matar a cualquiera, y (4) no hay jud√≠os implicados.",MUSULMANES
testHS-M07,Me encanta el olor a Panceta durante el Ramad√°n.,MUSULMANES
testHS-M08,Qu√© asco de raza los pvtos moros,MUSULMANES
testHS-M09,Estoy hasta la puta polla de los moros de mierda que son siempre los mismos que puto asco me dan ya co√±o poco se salvan,MUSULMANES
testHS-M10,"Desprecio a los musulmanes por creer en una relifion de mierda y odio el islam, es increible que a una feminista haya que decirle lo mucho que esta mal la simple existencia de esa religion y de defender sus actos ",MUSULMANES
testHS-I01,"Sospechosa la invasi√≥n de inmigrantes en Europa, todos al mismo tiempo... Como si fuera organizado, no?",MIGRANTES
testHS-I02,Ojal√° ejecuten al sistema judicial irland√©s por traicionar a su pueblo y brindar toda ayuda a los putos inmigrantes,MIGRANTES
testHS-I03,Putos inmigrantes hijos de puta,MIGRANTES
testHS-I04,"...ya lo reciben los moros violadores asaltavallas que tan bien acogen nuestras autoridades, los ladrones puteros malversadores golpistas y terroristas de 
@PSOE",MIGRANTES
testHS-I05,"El buen√≠smo y la inmigraci√≥n descontrolada se ceba en los m√°s d√©biles.
Las pol√≠ticos no conviven con la gentuza que no expulsan o que tratan como ""ni√±os malos"", y no como asesinos que son.",MIGRANTES
testHS-I06,"Hace unos d√≠as hubo una balacera justo al frente del colegio de mi hermano..
Tuvieron que evacuar y mandar a los ni√±os antes para la casa
Y.. ¬øSaben lo peor? Eran inmigrantes ilegales..
¬øHasta cuando? ¬øPorque mierda los NI√ëOS tienen que correr riesgo por culpa de esta ""Gente""? ü§¨",MIGRANTES
testHS-I07,"Malditos inmigrantes que disfrutan de los espacios p√∫blicos y te dan de comer gratis, van a acabar con occidente üò†üò†üò†",MIGRANTES
testHS-I08,"Este dato es DEMOLEDOR: seg√∫n la ertzaintza, el 90 % de las violaciones en el Pa√≠s Vasco las cometen inmigrantes magreb√≠es y subsaharianos.

¬øSer√° que los de la ertzaintza son unos peligrosos fascistas de ultraderecha? ¬øO ser√° que somos gilipollas dejando entrar a todo el mundo?",MIGRANTES
testHS-I09,¬°Simplemente un asco! Me cago en la madre de todos los asqueroso inmigrantes,MIGRANTES
testHS-I10,"Fuera inmigrantes. En realidad son delincuentes pagados por Rusia, China, Ir√°n y Venezuela para que invadan a EE.UU. y generen caos.",MIGRANTES
testHS-P01,"Los subnormales estos quieren que en la seleccion juegue gnte del madrid y son todos negracos del este de africa, el unico espa√±ol que hay es nacho, no voy ni a faltarle el respeto porque bastante tiene con lo q tiene",POC
testHS-P02,"-que tienen en com√∫n las tostadas y los padres?
-QUE?
-que si ambos te salen negros no comes...",POC
testHS-P03,"El negro tiene tan interiorizado que el hombre blanco es malvado, que a la m√≠nima oportunidad que tiene se pira a un pais de blancos, para que le maltraten y humillen, como malvados blancos que son.",POC
testHS-P04,"Putos cacaguanos, periguanchos, monos, sudacas, conguitos, cafes con leche.. Les ha tenido que salir justo hoy el partido de su vida. HDP",POC
testHS-P05,"Odio a los negros, odio a los jud√≠os, a los mexicanos y a los irlandeses, a los italianos y a los chinos, pero bien sabe Dios que lo que m√°s asco me dan son los putos negratas",POC
testHS-P06,"En esta ciudad te mata un negro o la humedad, imposible vivir as√≠",POC
testHS-P07,"Que negros hijos de mil puta, c√≥mo te cagan la vida te complican todo, lo que te cost√≥ conseguir matandote laburando te lo sacan en 2 segundos.",POC
testHS-P08,"Negro hijo de puta si lo que te faltaba era ser puto, ademas de comerte goles te comes la pija. BURRO",POC
testHS-P09,"Yo viviera en USA ya les hubiera quitado el vicio con balas a esos negros que se creen el putas y que el mundo tiene que agachar la cabeza porque fueron esclavos..

Mknes que nunca fueron esclavos!
A la mayor√≠a de sus ancestros se les di√≥ tierras.
Pero el mundo les debe..üôÑ",POC
testHS-P10,"Que pendeja pelotuda, la tendria que haber cagada bien a palos a esa negrita de mierda",POC
testHS-P11,"Es que este negrata de mierda se lo merece. Ojal√° le acabe pasando a √©l lo que le pas√≥ a Dyakhabi. TONTOS, QUE SOIS MUY TONTOS!!!!!",POC
testHS-O01,Gordo de re mierda quien carajos quiere viajar con vos,otros
testHS-O02,Qu√© asco de gitanacos,otros
testHS-O03,"Falso. La inmensa mayor√≠a de hogares de gente honrada pagan muchos m√°s impuestos de lo que reciben en subvenciones. El problema son las paguicas compra votos, a gitanos e inmigrantes.",otros
testHS-O04,"Eso no parece una ni√±a, seguramente es un ballenato con dawn de la especie cachalote. Devuelvan esa cosa al mar por FAVOR",otros
testHS-O05,Los Musulmanes o El islan o estos perros gitanos son la misma mierda  esos hijos de puta jam√°s se van a adaptar a la sociedad son tan racista y creyentes en su mierda de religi√≥n que no perdonan A nadie solo ellos son los perfectos y se creen inmortales manden a la mierda a toda esa lacra,otros
testHS-O06,"m vale, los gordos dan asco de solo verlos",otros
testHS-O07,"Un cine lleno de gitanos. Dos guardias civiles en la √∫ltima fila.
¬øC√≥mo se llama la pel√≠cula?

""Los √∫ltimos sus murais""",otros
